{"cameraMode":{"drawMode":0,"name":"Shaded","section":"Shading Mode"},"sceneLighting":false,"audioPlay":false,"sceneViewState":{"showFog":true,"showMaterialUpdate":false,"showSkybox":false,"showFlares":true,"showImageEffects":true,"showParticleSystems":true},"in2DMode":false,"pivot":{"x":-6.909808158874512,"y":-21.811418533325197,"z":-34.206642150878909},"rotation":{"x":-0.16040588915348054,"y":0.3744162321090698,"z":-0.06593959033489227,"w":-0.9109163880348206},"size":76.97541046142578,"orthographic":false}