{"cameraMode":{"drawMode":0,"name":"Shaded","section":"Shading Mode"},"sceneLighting":true,"audioPlay":false,"sceneViewState":{"showFog":true,"showMaterialUpdate":true,"showSkybox":true,"showFlares":true,"showImageEffects":true,"showParticleSystems":true},"in2DMode":false,"pivot":{"x":-749.9134521484375,"y":459.2772216796875,"z":190.72537231445313},"rotation":{"x":0.5519498586654663,"y":0.05088399350643158,"z":-0.033987220376729968,"w":0.8316314220428467},"size":10183.73046875,"orthographic":false}